{
	"meta-info":
	{
		"version":"190"
	},
	"w_main$ribbonbar":
	{
		"drawing":true,
		"normal-state":
		{
			"background-color":"#FFFFFF"	
		},
		"disabled-state":
		{
			"background-color":"#FFFFFF"	
		},
		"minimized-bottomline":
		{
			"normal-state":
			{
				"color":"#D9D9D9"
			},
			"disabled-state":
			{
				"color":"#F0F0F0"
			}
		},
		"applicationbutton":
		{
				"normal-state":
				{
					"border-color":"#1979CA",
					"background-color":"#1979CA",
					"text-font":{"color":"#FFFFFF"}
				},
				"hover-state":
				{
					"border-color":"#298CE1",
					"background-color":"#298CE1",
					"text-font":{"color":"#FFFFFF"}
				},
				"pressed-state":
				{
					"border-color":"#1268B3",
					"background-color":"#1268B3",
					"text-font":{"color":"#FFFFFF"}
				},
				"disabled-state":
				{
					"border-color":"#B4C2D6",
					"background-color":"#B4C2D6",
					"text-font":{"color":"#FFFFFF"}
				}
		},
		"category":
		{
			"content":
			{
				"active-state":
				{
					"border-color":"#DADBDC",
					"background-color":"#FFFFFF"
				},
				"disabled-state":
				{
					"border-color":"#DADBDC",
					"background-color":"#F6F6F6"
				}
			},
			"header":
			{
				"normal-state":
				{
					"border-color":"#FFFFFF",
					"background-color":"#FFFFFF",
					"text-font":{"color":"#3C3C3C"}
				},
				"hover-state":
				{
					"border-color":"#EBECEC",
					"background-color":"#FDFDFF",
					"text-font":{"color":"#3C3C3C"}
				},
				"pressed-state":
				{
					"border-color":"#DADBDC",
					"background-color":"#F6F6F6",
					"text-font":{"color":"#3C3C3C"}
				},
				"active-state":
				{
					"border-color":"#DADBDC",
					"background-color":"#FFFFFF",
					"text-font":{"color":"#3C3C3C"}
				},
				"disabled-state":
				{
					"border-color":"#FFFFFF",
					"background-color":"#FFFFFF",
					"text-font":{"color":"#8D8D8D"}
				}
			},
			"separator":
			{
				"active-state":
				{
					"color":"#E2E3E4"
				},
				"disabled-state":
				{
					"color":"#E2E3E4"
				}
			},
			"scrollbutton":
			{
				"normal-state":
				{
					"border-color":"#DADBDC",
					"background-color":"#FFFFFF",
					"images":
					{
						"left-scroll-button":{"file":"left-scroll-button-normal.png"},
						"right-scroll-button":{"file":"right-scroll-button-normal.png"}
					}
				},
				"hover-state":
				{
					"border-color":"#A4CEF9",
					"background-color":"#E8EFF7",
					"images":
					{
						"left-scroll-button":{"file":"left-scroll-button-normal.png"},
						"right-scroll-button":{"file":"right-scroll-button-normal.png"}
					}
				},
				"pressed-state":
				{
					"border-color":"#62A2E4",
					"background-color":"#C9E0F7",
					"images":
					{
						"left-scroll-button":{"file":"left-scroll-button-normal.png"},
						"right-scroll-button":{"file":"right-scroll-button-normal.png"}
					}
				},
				"disabled-state":
				{
					"border-color":"#DADBDC",
					"background-color":"#FFFFFF",
					"images":
					{
						"left-scroll-button":{"file":"left-scroll-button-disabled.png"},
						"right-scroll-button":{"file":"right-scroll-button-disabled.png"}
					}
				}
			}
		},
		"panel":
		{
			"normal-state":
			{
				"border-color":"#DADBDC",
				"background-color":"#FFFFFF",
				"text-font":{"color":"#5A5A5A"}
			},
			"disabled-state":
			{
				"border-color":"#DADBDC",
				"background-color":"#F6F6F6",
				"text-font":{"color":"#8D8D8D"}
			},
			"button":
			{
				"normal-state":
				{
					"border-color":"#A4CEF9",
					"background-color":"#E8EFF7",
					"text-font":{"color":"#3C3C3C"},
					"arrow-image":{"file":"dropdown-arrow-normal.png"}
				},
				"hover-state":
				{
					"border-color":"#A4CEF9",
					"background-color":"#F9FAFA",
					"text-font":{"color":"#3C3C3C"},
					"arrow-image":{"file":"dropdown-arrow-normal.png"}
				},
				"pressed-state":
				{
					"border-color":"#62A2E4",
					"background-color":"#C9E0F7",
					"text-font":{"color":"#3C3C3C"},
					"arrow-image":{"file":"dropdown-arrow-normal.png"}
				},
				"disabled-state":
				{
					"border-color":"#F6F6F6",
					"background-color":"#F6F6F6",
					"text-font":{"color":"#8D8D8D"},
					"arrow-image":{"file":"dropdown-arrow-disabled.png"}
				}
			}
		},
		"checkbox":
		{
			"normal-state":
			{
				"background-color":"#FFFFFF",
				"text-font":{"color":"#3C3C3C"},
				"box-images":
				{
					"unchecked":{"file":"checkbox-box-normal-unchecked.bmp"},
					"checked":{"file":"checkbox-box-normal-checked.bmp"},
					"indeterminate":{"file":"checkbox-box-normal-indeterminate.bmp"}
				}
			},
			"hover-state":
			{
				"background-color":"#F6F6F6",
				"text-font":{"color":"#3C3C3C"},
				"box-images":
				{
					"unchecked":{"file":"checkbox-box-hover-unchecked.bmp"},
					"checked":{"file":"checkbox-box-hover-checked.bmp"},
					"indeterminate":{"file":"checkbox-box-hover-indeterminate.bmp"}
				}
			},
			"pressed-state":
			{
				"background-color":"#F6F6F6",
				"text-font":{"color":"#3C3C3C"},
				"box-images":
				{
					"unchecked":{"file":"checkbox-box-pressed-unchecked.bmp"},
					"checked":{"file":"checkbox-box-pressed-checked.bmp"},
					"indeterminate":{"file":"checkbox-box-pressed-indeterminate.bmp"}
				}
			},
			"disabled-state":
			{
				"background-color":"#FFFFFF",
				"text-font":{"color":"#8D8D8D"},
				"box-images":
				{
					"unchecked":{"file":"checkbox-box-disabled-unchecked.bmp"},
					"checked":{"file":"checkbox-box-disabled-checked.bmp"},
					"indeterminate":{"file":"checkbox-box-disabled-indeterminate.bmp"}
				}
			}
		},
		"combobox":
		{
			"normal-state":
			{
				"background-color":"#FFFFFF"
			},
			"disabled-state":
			{
				"background-color":"#FFFFFF"
			},
			"label":
			{
				"normal-state":
				{
					"text-font":{"color":"#3C3C3C"}
				},
				"disabled-state":
				{
					"text-font":{"color":"#8D8D8D"}
				}
			},
			"dropdownlist":
			{
				"normal-state":
				{
					"border-color":"#C5C5C5",
					"background-color":"#FFFFFF",
					"arrow-image":{"file":"dropdown-arrow-normal.png"}
				},
				"hover-state":
				{
					"border-color":"#A4CEF9",
					"background-color":"#E8EFF7",
					"arrow-image":{"file":"dropdown-arrow-normal.png"}
				},
				"pressed-state":
				{
					"border-color":"#62A2E4",
					"background-color":"#C9E0F7",
					"arrow-image":{"file":"dropdown-arrow-normal.png"}
				},
				"focused-state":
				{
					"border-color":"#A4CEF9",
					"background-color":"#E8EFF7",
					"arrow-image":{"file":"dropdown-arrow-normal.png"}
				},
				"disabled-state":
				{
					"border-color":"#E2E3E4",
					"background-color":"#FFFFFF",
					"arrow-image":{"file":"dropdown-arrow-disabled.png"}
				},
				"edit":
				{
					"normal-state":
					{
						"background-color":"#FFFFFF",
						"text-font":{"color":"#3C3C3C"}
					},
					"hover-state":
					{
						"background-color":"#FFFFFF",
						"text-font":{"color":"#3C3C3C"}
					},
					"pressed-state":
					{
						"background-color":"#FFFFFF",
						"text-font":{"color":"#3C3C3C"}
					},
					"focused-state":
					{
						"background-color":"#FFFFFF",
						"text-font":{"color":"#3C3C3C"}
					},
					"disabled-state":
					{
						"background-color": "#FFFFFF",
						"text-font":{"color":"#8D8D8D"}
					}
				},
				"dropdown":
				{
					"border-color":"#DADBDC",
					"normal-state":
					{
						"background-color":"#FBFCFD",
						"text-font":{"color":"#3C3C3C"}
					},
					"hover-state":
					{
						"background-color":"#E8EFF7",
						"text-font":{"color":"#3C3C3C"}
					},
					"disabled-state":
					{
						"background-color":"#FBFCFD",
						"text-font":{"color":"#8D8D8D"}
					}
				}
			}
		},
		"largebutton":
		{
			"normal-state":
			{
				"border-color":"#F6F6F6",
				"background-color":"#FFFFFF",
				"text-font":{"color":"#3C3C3C"},
				"arrow-image":{"file":"dropdown-arrow-normal.png"}
			},
			"hover-state":
			{
				"border-color":"#A4CEF9",
				"background-color":"#E8EFF7",
				"text-font":{"color":"#3C3C3C"},
				"arrow-image":{"file":"dropdown-arrow-normal.png"}
			},
			"checked-state":
			{
				"border-color":"#A4CEF9",
				"background-color":"#E8EFF7",
				"text-font":{"color":"#3C3C3C"},
				"arrow-image":{"file":"dropdown-arrow-normal.png"}
			},
			"pressed-state":
			{
				"border-color":"#62A2E4",
				"background-color":"#C9E0F7",
				"text-font":{"color":"#3C3C3C"},
				"arrow-image":{"file":"dropdown-arrow-normal.png"}
			},
			"disabled-state":
			{
				"border-color":"#F6F6F6",
				"background-color":"#FFFFFF",
				"text-font":{"color":"#8D8D8D"},
				"arrow-image":{"file":"dropdown-arrow-disabled.png"}
			}
		},
		"menu":
		{
			"border-color":"#DADBDC",
			"background-color":"#FBFCFD",
			"item":
			{
				"normal-state":
				{
					"border-color":"#FBFCFD",
					"background-color":"#FBFCFD",
					"text-font":{"color":"#3C3C3C"},
					"arrow-image":{"file":"right.png"}
				},
				"hover-state":
				{
					"border-color":"#A4CEF9",
					"background-color":"#E8EFF7",
					"text-font":{"color":"#3C3C3C"},
					"arrow-image":{"file":"right.png"}
				},
				"checked-state":
				{
					"border-color":"#62A2E4",
					"background-color":"#C9E0F7"
				},
				"pressed-state":
				{
					"border-color":"#62A2E4",
					"background-color":"#C9E0F7",
					"text-font":{"color":"#3C3C3C"},
					"arrow-image":{"file":"right.png"}
				},
				"disabled-state":
				{
					"border-color":"#FBFCFD",
					"background-color":"#FBFCFD",
					"text-font":{"color":"#8D8D8D"},
					"arrow-image":{"file":"right-disable.png"}
				}
			}
		},
		"smallbutton":
		{
			"normal-state":
			{
				"border-color":"#F6F6F6",
				"background-color":"#FFFFFF",
				"text-font":{"color":"#3C3C3C"},
				"arrow-image":{"file":"dropdown-arrow-normal.png"}
			},
			"hover-state":
			{
				"border-color":"#A4CEF9",
				"background-color":"#E8EFF7",
				"text-font":{"color":"#3C3C3C"},
				"arrow-image":{"file":"dropdown-arrow-normal.png"}
			},
			"checked-state":
			{
				"border-color":"#A4CEF9",
				"background-color":"#E8EFF7",
				"text-font":{"color":"#3C3C3C"},
				"arrow-image":{"file":"dropdown-arrow-normal.png"}
			},
			"pressed-state":
			{
				"border-color":"#62A2E4",
				"background-color":"#C9E0F7",
				"text-font":{"color":"#3C3C3C"},
				"arrow-image":{"file":"dropdown-arrow-normal.png"}
			},
			"disabled-state":
			{
				"border-color":"#F6F6F6",
				"background-color":"#FFFFFF",
				"text-font":{"color":"#8D8D8D"},
				"arrow-image":{"file":"dropdown-arrow-disabled.png"}
			}
		},
		"tabbutton":
		{
			"normal-state":
			{
				"border-color":"#FFFFFF",
				"background-color":"#FFFFFF",
				"text-font":{"color":"#3C3C3C"},
				"arrow-image":{"file":"dropdown-arrow-normal.png"}
			},
			"hover-state":
			{
				"border-color":"#A4CEF9",
				"background-color":"#E8EFF7",
				"text-font":{"color":"#3C3C3C"},
				"arrow-image":{"file":"dropdown-arrow-normal.png"}
			},
			"checked-state":
			{
				"border-color":"#A4CEF9",
				"background-color":"#E8EFF7",
				"text-font":{"color":"#3C3C3C"},
				"arrow-image":{"file":"dropdown-arrow-normal.png"}
			},
			"pressed-state":
			{
				"border-color":"#62A2E4",
				"background-color":"#C9E0F7",
				"text-font":{"color":"#3C3C3C"},
				"arrow-image":{"file":"dropdown-arrow-normal.png"}
			},
			"disabled-state":
			{
				"border-color":"#FFFFFF",
				"background-color":"#FFFFFF",
				"text-font":{"color":"#8D8D8D"},
				"arrow-image":{"file":"dropdown-arrow-disabled.png"}
			}
		},
		"tooltip":
		{
			"background-color":"#FFFFFF",
			"border-color":"#DADBDC",
			"shadow-color":"#E6E6E6",
			"text-font":{"color":"#3C3C3C"}
		}
	}
}