{
	"meta-info":
	{
		"version":"190"
	},
	"w_address$commandbutton":
	{
		"normal-state":
		{
			"background-color":"#0090FF"
		},
		"hover-state":
		{
			"background-color":"#0090FF"
		},
		"pressed-state":
		{
			"background-color":"#0090FF"
		},
		"focused-state":
		{
			"background-color":"#0090FF"
		},
		"default-state":
		{
			"background-color":"#0090FF"
		},
		"disabled-state":
		{
			"background-color":"#0090FF"
		}
	},
	"w_address.uo_1.tab_1.tabpage_1.dw_browser":
	{
		"grid-style":
		{
			"drawing":true,
			"head-band":
			{
				"background-color":"#465064"
			},
			"detail-band":
			{
				"selected-row-background-color":"#0090FF"
			}
		}
	}
}
